Sam Winchester,sam winchester
Sam,sam winchester
Winchester,sam winchester
John Doe,john doe
John,john doe
Doe,john doe
Steve Boxwell,steve boxwell
Steve,steve boxwell
Boxwell,steve boxwell
Steven,steve boxwell
Frank Pierce,frank pierce
Frank,frank pierce
Pierce,frank pierce
Betty White,betty white
Betty,betty white
White,betty white
Kevin Price,kevin price
Kevin,kevin price
Price,kevin price
Francis Bacon,francis bacon
francis,francis bacon
Bacon,francis bacon
Rosalind Franklin,rosalind franklin
Rosalind,rosalind franklin
Franklin,rosalind franklin
Marie Currie,marie currie
Marie,marie currie
Currie,marie currie
Elizabeth Ross,elizabeth ross
Elizabeth,elizabeth ross
Ross,elizabeth ross
Betsy Ross,elizabeth ross
Charles Dickens,charles dickens
Charles,charles dickens
Dickens,charles dickens
Lin-Manuel Miranda,lin-manuel miranda
Lin-Manuel,lin-manuel miranda
Manuel,lin-manuel miranda
Miranda,lin-manuel miranda
Holden Caulfield,holden caulfield
Holden,holden caulfield
Caulfield,holden caulfield
