Math,math
mathematics,math
calculus,math
algerbra,math
trigonometry,math
physics,physics
kinematics,physics
mechanics,physics
biology,biology
plant,biology
animal,biology
literature,literature
english,literature
grammar,literature
spelling,literature
reading,literature
U.S. History,us history
us history,us history
United States History,us history
united states,us history
u.s.,us history
usa,us history
World History,world history
history of the world,world history
european history,world history
world,world history
europe,world history
foreign,world history
asian,world history
ancient,world history
class,default
classroom,default
spanish,default
chemistry,default
subject,default
lkjafdsi,default
;;;;;,default
